Row,Response Text,Question,Score,Name,StudentsResponse3
1.0,Matter is anything that occupies space and has mass.,Define matter,10.0,Madison King,
2.0,Matter is stuff that you can see and touch.,Define matter,6.0,Ethan Miller,
3.0,Anything that weighs something is matter.,Define matter,7.0,Olivia Jones,
4.0,"Matter is like the building blocks of the world, made of tiny things.",Define matter,8.0,William Brown,
5.0,"There are hot, cold, and squishy versions of matter, like solid, liquid, and gas.",Define matter,5.0,Sophia Garcia,
6.0,You can crush matter to make it smaller and smaller.,Define matter,4.0,Noah Hernandez,
7.0,Matter can disappear if you break it enough.,Define matter,2.0,Ava Jackson,
8.0,"Only living things are made of matter, not non-living things.",Define matter,3.0,Elijah Roberts,
9.0,"Matter can turn into energy, but I don't know exactly how.",Define matter,8.0,Mia Lopez,
10.0,"Really small things, like dust, aren't matter because you can't see them.",Define matter,2.0,Lucas Martinez,
11.0,Anything you can hold is matter.,Define matter,6.0,Isabella Robinson,
12.0,Hot things must have more matter than cold things because they feel heavier.,Define matter,2.0,Benjamin Clark,
13.0,"You can separate matter by color, like sorting laundry.",Define matter,2.0,Amelia Walker,
14.0,Scientists can create new matter in a lab.,Define matter,3.0,Michael Thomas,
15.0,Maybe there are more states of matter that we haven't found yet.,Define matter,7.0,Charlotte Thompson,
16.0,"Matter changes all the time, even when it looks the same.",Define matter,8.0,Daniel Garcia,
17.0,"Light might be a kind of matter, since you can see it.",Define matter,2.0,Evelyn Moore,
18.0,"Only some liquids are matter, like water.",Define matter,2.0,Aiden Young,
19.0,"Matter can be good or bad, depending on what it's used for.",Define matter,0.0,Harper Lee,
20.0,"The more matter something has, the heavier it feels.",Define matter,8.0,Gabriel Hernandez,
21.0,"If something feels empty, it doesn't have any matter.",Define matter,2.0,Luna Johnson,
22.0,Really strong things are probably made of the most matter.,Define matter,3.0,Matthew Miller,
23.0,Sound might be a type of matter because you can hear it.,Define matter,2.0,Chloe Wilson,
24.0,Matter can be destroyed in a black hole.,Define matter,4.0,James Anderson,
25.0,There are probably tiny creatures living inside matter.,Define matter,3.0,Ava Rodriguez,
26.0,Matter is just the stuff you learn about in science class.,Define matter,0.0,Liam Jones,
27.0,Matter is only things that are made by humans.,Define matter,0.0,Evelyn Garcia,
28.0,Ideas and thoughts are a kind of matter because you can think them.,Define matter,0.0,Christopher Taylor,
29.0,The feeling of hot or cold is matter because you can feel it.,Define matter,0.0,Sofia Lopez,
30.0,Empty space is a type of matter.,Define matter,0.0,Logan Martin,
31.0,Love and emotions are a form of matter because you can feel them.,Define matter,0.0,Mia Sanchez,
32.0,"Everything you see is matter, even pictures on a screen.",Define matter,7.0,Ethan Miller,
33.0,"The more colorful something is, the more matter it must have.",Define matter,2.0,Olivia Jones,
34.0,Words on a page are made of matter because you can touch them.,,,,
35.0,Matter is anything you can buy in a store.,Define matter,0.0,William Brown,
36.0,"Big things have more matter than small things, no matter what they're made of.",Define matter,5.0,Sophia Garcia,
37.0,"You can break matter into smaller and smaller pieces, but eventually it runs out.",Define matter,4.0,Noah Hernandez,
38.0,Solids are the strongest form of matter because they can't be squished.,Define matter,5.0,Ava Jackson,
39.0,Gases can't be seen because they don't have any matter.,Define matter,2.0,Elijah Roberts,
40.0,Plants take in sunlight and turn it into matter.,Define matter,2.0,Mia Lopez,
41.0,Expensive things must have more matter because they cost more.,Define matter,0.0,Lucas Martinez,
42.0,Mixing two different things together creates a new kind of matter.,Define matter,4.0,Isabella Robinson,
43.0,Scientists are always looking for new kinds of matter on other planets.,Define matter,7.0,Benjamin Clark,
44.0,"Matter can't move on its own, you always have to push or pull it.",Define matter,3.0,Amelia Walker,
45.0,Matter is anything you can learn about in a book.,Define matter,0.0,Michael Thomas,
46.0,The taste of something is a type of matter because you can taste it.,Define matter,0.0,Charlotte Thompson,
47.0,"Matter disappears when you throw it away, it just goes somewhere else.",Define matter,2.0,Daniel Garcia,
48.0,Maybe there are different rules for matter in outer space.,Define matter,5.0,Evelyn Moore,
49.0,"Only things that are natural can be matter, things made by humans aren't.",Define matter,3.0,Aiden Young,
50.0,"Matter can be used to make things, like buildings and furniture.",Define matter,1.0,Harper Lee,
111.0,Matter makes up everything except for maybe empty space.,Define matter,8.0,Gabriel Hernandez,
112.0,"A heavier object must have more matter, but a small, heavy object might be denser.",Define matter,7.0,Luna Johnson,
113.0,Matter can feel cold or hot depending on its temperature.,Define matter,5.0,Matthew Miller,
114.0,"Shrinking something wouldn't remove its matter, it would just make the particles closer together.",Define matter,8.0,Chloe Wilson,
115.0,Maybe scientists can someday create new types of matter in labs.,Define matter,6.0,James Anderson,
116.0,Understanding matter helps us understand how the universe works.,Define matter,9.0,Ava Rodriguez,
117.0,"Matter is the foundation for everything in the world, but it's made of even smaller things.",Define matter,10.0,Liam Jones,
118.0,"Some matter can be used to generate electricity, which is a form of energy.",Define matter,7.0,Evelyn Garcia,
119.0,"Air might be invisible, but it has mass and takes up space, so it's definitely matter.",Define matter,10.0,Christopher Taylor,
120.0,The way atoms are bonded together determines the properties of the resulting matter.,Define matter,9.0,Sofia Lopez,
121.0,Matter can be arranged in different ways to create different materials.,Define matter,8.0,Logan Martin,
122.0,"Light might interact with matter, but it's not really considered matter itself.",Define matter,8.0,Mia Sanchez,
123.0,"Even though you can't touch a hologram, the light that creates it might be a form of matter.",Define matter,6.0,Ethan Miller,
124.0,The amount of light an object reflects might be related to the type of matter it's made of.,Define matter,7.0,Olivia Jones,
125.0,"Information stored on a computer hard drive might not be matter, but it's related to it.",Define matter,6.0,William Brown,
126.0,"A scale can measure the mass of an object, which is a property related to matter.",Define matter,8.0,Sophia Garcia,
127.0,"Matter can change its state (solid, liquid, gas) through processes like heating or cooling.",Define matter,9.0,Noah Hernandez,
128.0,All gases are made of tiny particles of matter that are spread out far apart.,Define matter,8.0,Ava Jackson,
129.0,"Sound waves might not be matter, but they can travel through matter.",Define matter,6.0,Elijah Roberts,
130.0,Plants use sunlight and matter from the soil to grow and reproduce.,Define matter,7.0,Mia Lopez,
131.0,The value of an object doesn't depend on the type of matter it's made of.,Define matter,3.0,Lucas Martinez,
132.0,"When you mix baking soda and vinegar, the resulting fizz is a new type of matter.",Define matter,4.0,Isabella Robinson,
133.0,Scientists might be able to travel to other planets to study the different types of matter there.,Define matter,8.0,Benjamin Clark,
134.0,"Matter can't come to a complete stop on its own, it needs a force to slow it down.",Define matter,5.0,Amelia Walker,
135.0,"Matter is a real, physical substance, not just an idea scientists made up.",Define matter,9.0,Michael Thomas,
136.0,"The sound an object makes might be related to the way its atoms are arranged, which is part of matter.",Define matter,8.0,Charlotte Thompson,
137.0,"When something rusts, the iron in the object combines with oxygen in the air, but the total amount of matter stays the same.",Define matter,9.0,Daniel Garcia,
138.0,The distance from the sun might affect the state of matter on a planet.,Define matter,7.0,Evelyn Moore,
139.0,Even,,,,
51.0,"Matter makes up everything in the world, except for maybe light and sound.",Define matter,8.0,Gabriel Hernandez,
52.0,You can use a ruler to measure how much matter something has.,Define matter,3.0,Luna Johnson,
53.0,"Matter can be rough or smooth, depending on how it feels.",Define matter,4.0,Matthew Miller,
54.0,Small things can have a lot of matter if they're really heavy.,Define matter,6.0,Chloe Wilson,
55.0,Maybe there's a machine that can turn energy into matter.,Define matter,5.0,James Anderson,
56.0,Scientists are probably learning new things about matter all the time.,Define matter,7.0,Ava Rodriguez,
57.0,"Matter is just a fancy way of saying ""stuff.""",Define matter,3.0,Liam Jones,
58.0,Matter can be dangerous if it's not handled properly.,Define matter,0.0,Evelyn Garcia,
59.0,"You can't see air, but it must be matter because you can feel it when it blows.",Define matter,7.0,Christopher Taylor,
60.0,Maybe there are tiny machines inside atoms that make them work.,Define matter,2.0,Sofia Lopez,
61.0,Matter is like a giant puzzle with many different pieces.,Define matter,8.0,Logan Martin,
62.0,Matter can change its color depending on what you do to it.,Define matter,6.0,Mia Sanchez,
63.0,Pictures on a screen might be a kind of matter because they show real things.,Define matter,4.0,Ethan Miller,
64.0,"The brighter something is, the more matter it might have.",Define matter,2.0,Olivia Jones,
65.0,Letters of the alphabet are made of matter because they're printed on a page.,Define matter,0.0,William Brown,
66.0,You can weigh matter with a scale to see how much of it there is.,Define matter,7.0,Sophia Garcia,
67.0,"Matter can get old and wear out over time, like your shoes.",Define matter,4.0,Noah Hernandez,
68.0,"Liquids are like wet solids, so they must have a similar amount of matter.",Define matter,6.0,Ava Jackson,
69.0,Smoke might be a type of matter because you can see it floating in the air.,Define matter,5.0,Elijah Roberts,
70.0,Plants use water and sunlight to create their own matter.,Define matter,2.0,Mia Lopez,
71.0,Expensive things are probably made of a special kind of matter that's stronger.,Define matter,0.0,Lucas Martinez,
72.0,"Mixing things together can make something new, but it's not really new matter.",Define matter,8.0,Isabella Robinson,
73.0,Scientists might be able to travel to other planets to find new types of matter.,Define matter,7.0,Benjamin Clark,
74.0,"Matter can't move by itself unless it's alive, like a dog or a bird.",Define matter,2.0,Amelia Walker,
75.0,Maybe matter is just a story that scientists made up to explain things.,Define matter,0.0,Michael Thomas,
76.0,The smell of something is a type of matter because you can smell it.,Define matter,0.0,Charlotte Thompson,
77.0,"When you throw something away, it breaks down into tiny pieces of matter.",Define matter,6.0,Daniel Garcia,
78.0,The rules of matter might be different on planets closer to the sun.,Define matter,5.0,Evelyn Moore,
79.0,"Only things found in nature can be matter, things humans make are not.",Define matter,3.0,Aiden Young,
80.0,"Matter is what makes up furniture and buildings, and everything else you can touch.",Define matter,6.0,Harper Lee,
81.0,"Matter makes up everything you can see and touch, but maybe not things like feelings.",Define matter,7.0,Gabriel Hernandez,
82.0,"A heavier object must have more matter than a lighter one, no matter the size.",Define matter,5.0,Luna Johnson,
83.0,Matter can be shiny or dull depending on how the light hits it.,Define matter,4.0,Matthew Miller,
84.0,"If you could shrink something down really small, it might not have any matter left.",Define matter,2.0,Chloe Wilson,
85.0,Maybe there's a way to convert sound waves into matter.,Define matter,5.0,James Anderson,
86.0,New discoveries about matter might change the way we understand the universe.,Define matter,8.0,Ava Rodriguez,
87.0,"Matter is a basic building block for everything in the world, kind of like Legos.",Define matter,9.0,Liam Jones,
88.0,Some types of matter can be explosive and dangerous if not handled carefully.,Define matter,3.0,Evelyn Garcia,
89.0,"Even though air is invisible, it must be matter because it takes up space.",Define matter,9.0,Christopher Taylor,
90.0,The way atoms are arranged might determine the properties of the matter they form.,Define matter,8.0,Sofia Lopez,
91.0,"Matter is like a giant network of tiny, connected building blocks.",Define matter,9.0,Logan Martin,
92.0,Some elements might change color when they react with other types of matter.,Define matter,7.0,Mia Sanchez,
93.0,"Even though you can't hold a computer screen, the image might be made of matter.",Define matter,6.0,Ethan Miller,
94.0,The darkness of something might be related to how much matter it has.,Define matter,2.0,Olivia Jones,
95.0,Numbers and symbols written on a page aren't matter because they're just ideas.,Define matter,5.0,William Brown,
96.0,A balance scale can help determine how much matter an object has compared to another.,Define matter,8.0,Sophia Garcia,
97.0,"Matter can change its shape and size, but the total amount of matter stays the same.",Define matter,8.0,Noah Hernandez,
98.0,"Gases might be like really tiny, spread-out versions of solids or liquids.",Define matter,7.0,Ava Jackson,
99.0,Fire might be a type of matter because it burns things and gives off heat.,Define  matter,4.0,Elijah Roberts,
100.0,Animals eat plants to get the matter they need to grow and survive.,Define matter,3.0,Mia Lopez,
101.0,Expensive things might be made of a rare type of matter that's harder to find.,Define matter,1.0,Lucas Martinez,
102.0,"When you mix things together, the resulting mixture might have new properties, but the matter itself doesn't change.",Define matter,9.0,Isabella Robinson,
103.0,Scientists are constantly researching and exploring new forms of matter in space.,Define matter,8.0,Benjamin Clark,
104.0,"Matter can be pushed or pulled by forces, but it can't move on its own.",Define matter,6.0,Amelia Walker,
105.0,"Matter is a real thing that scientists can measure and study, not just a story.",Define matter,9.0,Michael Thomas,
106.0,"The texture of something, like smooth or rough, is a property of the matter it's made of.",Define matter,7.0,Charlotte Thompson,
107.0,"When something decomposes, the matter breaks down into smaller and smaller pieces, but it doesn't disappear.",Define matter,8.0,Daniel Garcia,
108.0,The temperature on a planet might affect the way matter behaves there.,Define matter,7.0,Evelyn Moore,
109.0,"Anything that humans create, like machines or buildings, is also made of matter.",Define matter,8.0,Aiden Young,
110.0,"Matter is the stuff that makes up the physical world, like",,,,
140.0,"Matter makes up everything you can see and touch, but maybe also includes things like energy.",Define matter,9.0,Gabriel Hernandez,
141.0,A denser object has more matter packed into the same space compared to a less dense one.,Define matter,8.0,Luna Johnson,
142.0,"Matter can change its form, like water turning to ice, but it's still the same matter.",Define matter,8.0,Matthew Miller,
143.0,"Shrinking something wouldn't change the total amount of matter, just the space it occupies.",Define matter,9.0,Chloe Wilson,
144.0,Scientists are always looking for ways to manipulate matter and its properties.,Define matter,8.0,James Anderson,
145.0,Understanding matter is like having a key to unlocking the secrets of the universe.,Define matter,10.0,Ava Rodriguez,
146.0,"Matter is the building block of everything, from tiny atoms to giant stars.",Define matter,10.0,Liam Jones,
147.0,Some types of matter can be radioactive and release energy when they break down.,Define matter,8.0,Evelyn Garcia,
148.0,"Even though air is invisible, it has weight and takes up space, making it matter.",Define matter,10.0,Christopher Taylor,
149.0,"The arrangement of atoms in a molecule determines its properties, which affects the matter it forms.",Define matter,9.0,Sofia Lopez,
150.0,Matter can be combined in different ways to create new materials with unique properties.,Define matter,8.0,Logan Martin,
151.0,"Light interacts with matter in various ways, like reflecting or being absorbed.",Define matter,8.0,Mia Sanchez,
152.0,"Although you can't physically touch a rainbow, it's caused by light interacting with water vapor in the air, which is matter.",Define matter,7.0,Ethan Miller,
153.0,"The amount of light an object absorbs might be related to its color, which depends on the type of matter.",Define matter,7.0,Olivia Jones,
154.0,"Data stored on a computer might be a form of information coded onto matter, like a hard drive.",Define matter,6.0,William Brown,
155.0,"A graduated cylinder can measure the volume of an object, which is related to the amount of space matter occupies.",Define matter,8.0,Sophia Garcia,
156.0,"Matter can exist in different phases (solid, liquid, gas) with different properties.",Define matter,9.0,Noah Hernandez,
157.0,All liquids are made of tiny particles of matter that are closer together than in gases.,Define matter,8.0,Ava Jackson,
158.0,"Electricity might be a flow of charged particles within matter, not matter itself.",Define matter,7.0,Elijah Roberts,
159.0,"Plants take in water and carbon dioxide from the environment, which are both forms of matter.",Define matter,8.0,Mia Lopez,
160.0,"The price of something doesn't depend on the type of matter it's made of, but on factors like rarity and demand.",Define matter,4.0,Lucas Martinez,
161.0,"When you mix things together, the resulting mixture might have new properties, but the individual types of matter remain.",Define matter,9.0,Isabella Robinson,
162.0,Scientists use powerful telescopes to study the composition and behavior of matter in space.,Define matter,8.0,Benjamin Clark,
163.0,"Matter can't move on its own, but it can be pushed or pulled by forces like gravity.",Define matter,7.0,Amelia Walker,
164.0,"Matter is a fundamental concept in science, essential for understanding the universe.",Define matter,10.0,Michael Thomas,
165.0,"The way an object feels (rough, smooth) might be related to the way its atoms are arranged in the matter.",Define matter,8.0,Charlotte Thompson,
166.0,"When wood burns, the matter doesn't disappear, it changes form into ashes, smoke, and heat.",Define matter,9.0,Daniel Garcia,
,"Matter makes up everything physical, but some things like emotions or ideas might not be matter.",Define matter,8.0,Gabriel Hernandez,167.0
,"Density is how much matter is packed into a specific volume, so a denser object has more matter per unit space.",Define matter,9.0,Luna Johnson,168.0
,"Matter can change state (solid, liquid, gas) depending on factors like temperature and pressure.",Define matter,8.0,Matthew Miller,169.0
,"Shrinking something wouldn't destroy matter, it would just condense the particles closer together.",Define matter,9.0,Chloe Wilson,170.0
,Scientists might one day be able to create entirely new forms of matter with unique properties.,Define matter,7.0,James Anderson,171.0
,"Studying matter helps us understand how things work in the universe, from tiny atoms to galaxies.",Define matter,10.0,Ava Rodriguez,172.0
,"Matter is the foundation for everything physical, and it's made up of even smaller particles called atoms.",Define matter,9.0,Liam Jones,173.0
,"Some types of matter can be used to store energy, like batteries that power our devices.",Define matter,8.0,Evelyn Garcia,174.0
,"Air resistance is a force acting on matter as it moves through the air, which is also matter.",Define matter,9.0,Christopher Taylor,175.0
,The way atoms are bonded together determines the type of matter they form and its properties.,Define matter,9.0,Sofia Lopez,176.0
,Matter can be recycled and transformed into new materials with different uses.,Define matter,8.0,Logan Martin,177.0
,Light can bend or refract as it travels through different types of matter.,Define matter,8.0,Mia Sanchez,178.0
,"Even though shadows aren't objects, they are the absence of light due to an object made of matter blocking it.",Define matter,7.0,Ethan Miller,179.0
,The temperature of an object might be related to the movement of particles within the matter.,Define matter,7.0,Olivia Jones,180.0
,"Software on a computer is a set of instructions, not matter itself, but it can control how matter (hardware) functions.",Define matter,6.0,William Brown,181.0
,"A spring scale measures the force needed to stretch or compress an object, which can be related to the matter it's made of.",Define matter,8.0,Sophia Garcia,182.0
,"Matter can change its state through processes like melting, freezing, or evaporating.",Define matter,8.0,Noah Hernandez,183.0
,Solids have a definite shape and volume because their particles are tightly packed.,Define matter,8.0,Ava Jackson,184.0
,"Sound waves are vibrations that travel through matter, but they aren't considered matter themselves.",Define matter,7.0,Elijah Roberts,185.0
,"Animals use the matter they get from food to grow, repair tissues, and get energy.",Define matter,8.0,Mia Lopez,186.0
,"The cost of an object is more about human factors like supply and demand, not necessarily the type of matter.",Define matter,5.0,Lucas Martinez,187.0
,"When you mix liquids, they might blend together to form a solution, but the individual types of matter are still present.",Define matter,9.0,Isabella Robinson,188.0
,Scientists are constantly developing new technologies to study and manipulate matter at the atomic level.,Define matter,8.0,Benjamin Clark,189.0
,"Matter needs a force to start moving, stop moving, or change its direction.",Define matter,7.0,Amelia Walker,190.0
,"Matter is a basic building block of the universe, with specific properties that govern its behavior.",Define matter,9.0,Michael Thomas,191.0
,The smell of an object might be caused by tiny particles of matter released from it and reaching our nose.,Define matter,8.0,Charlotte Thompson,192.0
,"When food decomposes, the matter breaks down into simpler forms that can be used by other organisms.",Define matter,,,193.0
194.0,"Matter makes up everything physical, including tiny particles like dust and even the air we breathe.",Define matter,8.0,Gabriel Hernandez,
195.0,Density is a measure of how much mass is packed into a certain volume of matter.,Define matter,9.0,Luna Johnson,
196.0,"Matter can go through physical changes, like changing shape or size, without changing its chemical composition.",Define matter,8.0,Matthew Miller,
197.0,"Shrinking an object wouldn't remove its matter, but it would decrease the space between the particles.",Define matter,9.0,Chloe Wilson,
198.0,"Scientists are constantly learning new things about matter, its properties, and how to manipulate it.",Define matter,9.0,James Anderson,
199.0,"Understanding matter is a foundation for many scientific disciplines, like physics and chemistry.",Define matter,10.0,Ava Rodriguez,
200.0,"Matter is the building block of everything physical in the universe, from the smallest atom to the largest star.",Define matter,10.0,Liam Jones,
201.0,Some types of matter can be used to generate electricity through processes like nuclear reactions.,Define matter,8.0,Evelyn Garcia,
202.0,Air resistance is a force that acts on a moving object due to the interaction between the object and the air molecules (matter).,Define matter,9.0,Christopher Taylor,
203.0,The chemical bonds between atoms determine the structure and properties of the matter they form.,Define matter,9.0,Sofia Lopez,
204.0,Matter can be separated into its component parts through physical or chemical processes.,Define matter,8.0,Logan Martin,
205.0,"Light can travel through some types of matter, but it can also be reflected or absorbed by other types.",Define matter,8.0,Mia Sanchez,
206.0,"Mirages are an optical illusion caused by the bending of light as it travels through layers of air with different temperatures (and therefore, different densities of matter).",Define matter,7.0,Ethan Miller,
207.0,"The color of an object might be related to the wavelengths of light it reflects or absorbs, which depends on the matter.",Define matter,7.0,Olivia Jones,
208.0,Programs on a computer give instructions to the hardware (made of matter) to perform certain tasks.,Define matter,6.0,William Brown,
209.0,"A density meter can be used to measure the density of liquids or solids, which is a property related to matter.",Define matter,8.0,Sophia Garcia,
210.0,"Matter can exist in different phases with different properties, and changing the temperature or pressure can cause phase changes.",Define matter,9.0,Noah Hernandez,
211.0,Liquids have a definite volume but not a definite shape because their particles can move more freely.,Define matter,8.0,Ava Jackson,
212.0,"Heat is the transfer of thermal energy between objects at different temperatures, and matter can store thermal energy.",Define matter,8.0,Elijah Roberts,
213.0,"Plants take in sunlight, water, and nutrients (all forms of matter) to grow and survive.",Define matter,8.0,Mia Lopez,
214.0,"The value of an object can be based on many factors, not just the type of matter it's made of.",Define matter,4.0,Lucas Martinez,
215.0,"When two solids are mixed together, they might form a new physical mixture, but the individual types of matter remain distinct.",Define matter,9.0,Isabella Robinson,
216.0,Astronomers use telescopes and other instruments to study the composition and behavior of matter in space.,Define matter,8.0,Benjamin Clark,
217.0,"Matter has inertia, which means it resists any change in its motion (needs a force to start, stop, or change direction).",Define matter,7.0,Amelia Walker,
218.0,"Matter is a real, measurable substance, not just a philosophical concept.",Define matter,9.0,Michael Thomas,
219.0,The taste of an object might be detected by taste buds interacting with chemicals on the object's surface (which is matter).,,,,
220.0,"Matter makes up everything with mass and takes up space, even things that seem invisible like air.",Define matter,8.0,Gabriel Hernandez,
221.0,Density can be used to compare how much matter is packed into a specific volume of different objects.,Define matter,9.0,Luna Johnson,
222.0,"Matter can change its state through physical processes like melting, freezing, or evaporating, and these changes are reversible.",Define matter,8.0,Matthew Miller,
223.0,"Shrinking an object wouldn't change the total amount of matter, just the distance between the particles.",Define matter,9.0,Chloe Wilson,
224.0,"Scientists are constantly pushing the boundaries of knowledge about matter, exploring its properties and potential applications.",Define matter,9.0,James Anderson,
225.0,Understanding matter is like having a key to unlocking the secrets of how the universe works at a fundamental level.,Define matter,10.0,Ava Rodriguez,
226.0,"Matter is the basic building block of everything physical, from the tiniest subatomic particles to the largest galaxies.",Define matter,10.0,Liam Jones,
227.0,"Some types of matter, like radioactive materials, can spontaneously break down and release energy.",Define matter,8.0,Evelyn Garcia,
228.0,Air resistance is a force that acts on a moving object due to the interaction between the object and air molecules (matter).,Define matter,9.0,Christopher Taylor,
229.0,"The arrangement of atoms in a molecule determines its shape and properties, which in turn affects the properties of the matter it forms.",Define matter,9.0,Sofia Lopez,
230.0,Matter can be recycled or repurposed to create new materials with different functionalities.,Define matter,8.0,Logan Martin,
231.0,"Light interacts with matter in various ways, and these interactions can be used to study the properties of both light and matter.",Define matter,8.0,Mia Sanchez,
232.0,Rainbows are a beautiful example of how light interacts with water droplets (matter) in the atmosphere.,Define matter,7.0,Ethan Miller,
233.0,"The electrical conductivity of an object depends on the type of matter it's made of. Some materials conduct electricity well, while others are insulators.",Define matter,7.0,Olivia Jones,
234.0,The operating system on a computer is a set of instructions that controls the hardware (made of matter) to perform tasks.,Define matter,6.0,William Brown,
235.0,"A balance scale can be used to compare the masses of two objects, which is a property related to the amount of matter they contain.",Define matter,8.0,Sophia Garcia,
236.0,Matter can undergo chemical changes where the atoms,,,,
246.0,"Matter makes up everything physical and tangible, even things like clouds, which are made of tiny water droplets.",Define matter,8.0,Gabriel Hernandez,
247.0,"Density can be a helpful factor in identifying the type of matter an object is made of, as different materials have different densities.",Define matter,9.0,Luna Johnson,
248.0,"Changing the state of matter (solid, liquid, gas) involves changing the arrangement and motion of the particles, not the type of matter itself.",Define matter,8.0,Matthew Miller,
249.0,"Shrinking an object wouldn't change its mass, even though it might seem like there's less matter because the particles are closer together.",Define matter,9.0,Chloe Wilson,
250.0,"New discoveries about matter are constantly being made, leading to advancements in various fields like medicine and technology.",Define matter,9.0,James Anderson,
251.0,Understanding matter is a crucial step towards understanding the formation and evolution of the universe.,Define matter,10.0,Ava Rodriguez,
252.0,"Matter is the foundation for everything physical, existing in various forms with distinct properties that govern its behavior.",Define matter,10.0,Liam Jones,
253.0,"Some types of matter can be used to create powerful magnets, which can attract or repel other specific types of matter.",Define matter,8.0,Evelyn Garcia,
254.0,Air resistance is a drag force acting on a moving object due to the interaction between the object and air molecules (matter).,Define matter,9.0,Christopher Taylor,
255.0,The way atoms are bonded together determines the structure of a molecule and the properties of the matter it forms.,Define matter,9.0,Sofia Lopez,
256.0,"Matter can be classified into different categories based on its properties, such as solids, liquids, gases, and plasmas.",Define matter,8.0,Logan Martin,
257.0,"Light can travel through some types of matter transparently, while other types of matter can absorb or scatter light.",Define matter,8.0,Mia Sanchez,
258.0,Mirages are a fascinating example of how light bends as it travels through layers of air with different densities (which relates to the amount of matter present).,Define matter,7.0,Ethan Miller,
259.0,"The density of an object can affect how much light it reflects or absorbs, influencing its perceived color.",Define matter,7.0,Olivia Jones,
260.0,Data storage devices like hard drives store information using magnetic or electrical properties of matter.,Define matter,6.0,William Brown,
261.0,"A graduated cylinder can measure the volume of a liquid, which is the space occupied by the matter.",Define matter,8.0,Sophia Garcia,
262.0,"Matter can undergo physical and chemical changes. Physical changes alter the appearance or form without changing the composition, while chemical changes create new substances.",Define matter,9.0,Noah Hernandez,
263.0,"Plasmas are a high-energy state of matter where atoms are stripped of some electrons, and the free-moving electrons and positive ions give it unique properties.",Define matter,8.0,Ava Jackson,
264.0,"Friction is a force that acts between two surfaces in contact, and it arises due to the interaction between the matter at the microscopic level.",Define matter,8.0,Elijah Roberts,
265.0,The process of respiration in living organisms involves breaking down matter in food to obtain energy for cellular functions.,Define matter,8.0,Mia Lopez,
266.0,"The sentimental value of an object is not related to the type of matter it's made of, but rather the memories and emotions associated with it.",Define matter,4.0,Lucas Martinez,
267.0,"When you dissolve a solid in a liquid, the solid particles disperse evenly throughout the liquid, forming a solution, but the matter itself doesn't disappear.",Define matter,9.0,Isabella Robinson,
268.0,Particle accelerators are powerful machines that scientists use to study the behavior of matter at high speeds and energies.,Define matter,8.0,Benjamin Clark,
269.0,"Matter has weight, which is a force exerted on it due to gravity. The more matter an object",,,,
270.0,"Matter makes up everything physical we can interact with, even things like smoke, which consists of tiny particles from burning materials.",Define matter,8.0,Gabriel Hernandez,
271.0,Density is a useful concept because it allows us to compare the amount of matter packed into a specific volume for different substances.,Define matter,9.0,Luna Johnson,
272.0,"Changing the state of matter (solid, liquid, gas) is often reversible through processes like heating or cooling, with the matter itself remaining unchanged.",Define matter,8.0,Matthew Miller,
273.0,"Compressing an object wouldn't create more matter, it would just force the particles closer together in the same space.",Define matter,9.0,Chloe Wilson,
274.0,The quest to understand matter has led to groundbreaking discoveries that have shaped our understanding of the universe.,Define matter,9.0,James Anderson,
275.0,"Studying matter is like reading the instruction manual for the universe, explaining how everything works at a fundamental level.",Define matter,10.0,Ava Rodriguez,
276.0,"Matter is the building block of everything physical, from the tiniest atom to the vast structures like galaxies.",Define matter,10.0,Liam Jones,
277.0,"Some types of matter, like certain isotopes, can be unstable and release energy through radioactive decay.",Define matter,8.0,Evelyn Garcia,
278.0,Air resistance is a form of drag that acts on a moving object because of its interaction with air molecules (which are also matter).,Define matter,9.0,Christopher Taylor,
279.0,The types of chemical bonds between atoms determine the overall structure and properties of the matter they form.,Define matter,9.0,Sofia Lopez,
280.0,Matter can be transformed into new materials with different properties through various processes.,Define matter,8.0,Logan Martin,
281.0,"Light can interact with matter in various ways, like reflection, refraction, or absorption, depending on the type of matter.",Define matter,8.0,Mia Sanchez,
282.0,Halos around the sun or moon are caused by the refraction of light as it travels through ice crystals in the atmosphere (matter).,Define matter,7.0,Ethan Miller,
283.0,"The texture of an object, like rough or smooth, might be related to the way the particles are arranged on the surface of the matter.",Define matter,7.0,Olivia Jones,
284.0,The software on a computer controls the hardware (made of matter) to perform specific tasks based on the instructions it provides.,Define matter,6.0,William Brown,
285.0,"A triple beam balance can be used to measure the mass of an object very precisely, which is a property related to the amount of matter it contains.",Define matter,8.0,Sophia Garcia,
286.0,"Matter can exist in different phases with distinct properties, and these phases can be interconverted through changes in temperature, pressure, or other factors.",Define matter,9.0,Noah Hernandez,
287.0,"Amorphous solids, like glass, have a disordered arrangement of particles compared to crystalline solids with a regular structure.",Define matter,8.0,Ava Jackson,
288.0,"Sound waves are vibrations that travel through matter, but the matter itself isn't permanently displaced by the sound wave.",Define matter,8.0,Elijah Roberts,
289.0,"Plants use sunlight, water, and minerals from the soil (all forms of matter) to grow and reproduce.",Define matter,8.0,Mia Lopez,
290.0,"The value of a rare or precious object might be due to factors like its historical significance, not just the type of matter it's made of.",Define matter,4.0,Lucas Martinez,
291.0,"When two liquids are mixed, they might form a homogeneous mixture (solution) or a heterogeneous mixture where the components remain distinct.",Define matter,9.0,Isabella Robinson,
292.0,"Scientists use various tools and techniques, like spectroscopy, to analyze the composition and properties of matter.",Define matter,8.0,Benjamin Clark,
293.0,"Matter exhibits inertia, which means it resists changes in its motion and needs a force to start moving, stop moving, or change direction.",,,,
294.0,"Matter makes up everything physical and observable in the universe, from the tiniest grain of sand to the largest star.",Define matter,8.0,Gabriel Hernandez,
295.0,Density can be a helpful tool for identifying unknown substances because different materials tend to have distinct density values.,Define matter,9.0,Luna Johnson,
296.0,"Changing the state of matter (solid, liquid, gas) involves changes in the energy and arrangement of particles, not a change in the type of matter itself.",Define matter,8.0,Matthew Miller,
297.0,"Tearing or cutting an object wouldn't destroy matter, it would just create smaller pieces with the same total amount of matter.",Define matter,9.0,Chloe Wilson,
298.0,The field of material science focuses on understanding and developing new materials with specific properties for various applications.,Define matter,9.0,James Anderson,
299.0,"Matter is the foundation for everything physical, and its properties govern how things interact and behave in the universe.",Define matter,10.0,Ava Rodriguez,
300.0,"Matter comes in various forms, each with unique properties that determine its behavior and how it interacts with other forms of matter.",Define matter,10.0,Liam Jones,
301.0,"Some types of matter can be used to store energy for later use, like batteries that rely on chemical reactions within the matter.",Define matter,8.0,Evelyn Garcia,
302.0,Air resistance is a drag force acting on a moving object due to the collisions between the object and air molecules (matter).,Define matter,9.0,Christopher Taylor,
303.0,"The way atoms are arranged in a molecule can significantly impact the properties of the matter it forms, such as its shape, reactivity, and melting point.",Define matter,9.0,Sofia Lopez,
304.0,"Matter can be classified into different categories based on its properties and behavior, such as conductors, insulators, or magnetized materials.",Define matter,8.0,Logan Martin,
305.0,"Light can travel through some types of matter transparently, while other types can absorb or scatter light, affecting how we see them.",Define matter,8.0,Mia Sanchez,
306.0,Sunsets and sunrises are beautiful examples of how light scatters through dust and gas particles (matter) present in the Earth's atmosphere.,Define matter,7.0,Ethan Miller,
307.0,"The electrical conductivity of an object depends on the type of matter it's made of. Metals are good conductors, while some materials are insulators.",Define matter,7.0,Olivia Jones,
308.0,Computer programs are sets of instructions that control the hardware (made of matter) to perform specific tasks based on user input.,Define matter,6.0,William Brown,
309.0,"A kilogram mass can be used to define a standard unit of mass, which is a property of matter.",Define matter,8.0,Sophia Garcia,
310.0,"Matter can undergo physical changes, like changing shape or size, and chemical changes, where new substances are formed.",Define matter,9.0,Noah Hernandez,
311.0,Fluids are a category of matter that can flow and take the shape of their container. Liquids and gases are examples of fluids.,Define matter,8.0,Ava Jackson,
312.0,Gravity is a force between objects with mass (matter) that attracts them towards each other.,Define matter,8.0,Elijah Roberts,
313.0,"Through photosynthesis, plants capture energy from sunlight and use it to convert carbon dioxide (matter) from the air into organic compounds for growth.",Define matter,8.0,Mia Lopez,
314.0,"The price of an object may be influenced by factors like its rarity, functionality, or cultural significance, not just the type of matter it's made from.",Define matter,4.0,Lucas Martinez,
315.0,"When separating a mixture, physical separation techniques like filtration or evaporation can be used to isolate the individual components without changing their chemical composition (type of matter).",Define matter,9.0,Isabella Robinson,
316.0,"Scientists are constantly developing new technologies to analyze matter at increasingly smaller scales, like atoms and subatomic particles.",Define matter,8.0,Benjamin Clark,
317.0,"Matter makes up everything with mass and takes up space, even things we can't see directly, like air or the tiny particles in smoke.",Define matter,8.0,Gabriel Hernandez,
318.0,"By measuring the density of an unknown object, scientists can gain clues about the type of matter it might be composed of.",Define matter,9.0,Luna Johnson,
319.0,"Changing the state of matter (solid, liquid, gas) is a physical change, meaning the fundamental particles remain the same, but their arrangement and motion change.",Define matter,8.0,Matthew Miller,
320.0,"Crumbling or grinding a solid wouldn't change the total amount of matter present, just the size and shape of the individual pieces.",Define matter,9.0,Chloe Wilson,
321.0,"Research in material science has led to the development of new materials with remarkable properties, impacting various fields like medicine and technology.",Define matter,9.0,James Anderson,
322.0,"Understanding matter is a fundamental step towards comprehending the universe's origin, evolution, and the processes that govern it.",Define matter,10.0,Ava Rodriguez,
323.0,"Matter forms the building blocks of everything physical, from the microscopic building blocks of life (cells) to colossal structures like galaxies.",Define matter,10.0,Liam Jones,
324.0,"Certain types of matter, like stars, can generate enormous amounts of energy through nuclear fusion reactions.",Define matter,8.0,Evelyn Garcia,
325.0,Air resistance is the force exerted by air molecules (matter) on a moving object due to their interaction with the object's surface.,Define matter,9.0,Christopher Taylor,
326.0,"The chemical bonds between atoms determine the structure and properties of the molecule and, consequently, the matter it forms.",Define matter,9.0,Sofia Lopez,
327.0,Matter can be recycled and transformed into new materials with different characteristics and uses.,Define matter,8.0,Logan Martin,
328.0,"Light can travel through some forms of matter, like transparent glass, but it can also be reflected or absorbed by other types of matter.",Define matter,8.0,Mia Sanchez,
329.0,"Rainbows are a beautiful illustration of how light interacts with water droplets (matter) suspended in the atmosphere, causing the separation of colors.",Define matter,7.0,Ethan Miller,
330.0,The buoyancy of an object depends on the interplay between its density and the density of the fluid (matter) it displaces.,Define matter,7.0,Olivia Jones,
331.0,The software on a computer provides instructions for the hardware (made of matter) to perform specific tasks based on the user's input.,Define matter,6.0,William Brown,
332.0,"A graduated cylinder is a tool used to measure the volume of a liquid, which is the space occupied by the matter.",Define matter,8.0,Sophia Garcia,
333.0,"Matter can undergo various changes, including physical changes (shape, size) and chemical changes (composition), which create new substances.",Define matter,9.0,Noah Hernandez,
334.0,"Plasma is a high-energy state of matter where atoms are ionized (lose electrons), and the free-moving charged particles exhibit unique properties.",Define matter,8.0,Ava Jackson,
335.0,Surface tension is a property of liquids caused by the attractive forces between the liquid molecules (matter) at the surface.,Define matter,8.0,Elijah Roberts,
336.0,The process of cellular respiration involves breaking down complex molecules (matter) in food to release energy for cellular functions in living organisms.,Define matter,8.0,Mia Lopez,
337.0,"The artistic value of a painting is not necessarily related to the type of matter the paint is made from, but rather the skill and creativity of the artist.",Define matter,4.0,Lucas Martinez,
338.0,"When a solution is formed by dissolving a solid in a liquid, the solid particles disperse throughout the liquid, but the matter itself isn't destroyed.",Define matter,9.0,Isabella Robinson,
339.0,Microscopes are powerful tools that allow scientists to observe and study the structure and properties of matter at the microscopic level.,,,,
340.0,"Matter makes up everything physical and tangible in the world, even things like fog, which consists of tiny water droplets suspended in air.",Define matter,8.0,Gabriel Hernandez,
341.0,"Density is a characteristic property that can help differentiate between various materials, as different substances typically have distinct density values.",Define matter,9.0,Luna Johnson,
342.0,"Changing the state of matter (solid, liquid, gas) involves changes in the energy levels and arrangements of particles, but the type of matter itself remains the same.",Define matter,8.0,Matthew Miller,
343.0,Tearing a piece of paper reduces its size but doesn't remove any matter. The total amount of matter remains constant.,Define matter,9.0,Chloe Wilson,
344.0,The field of nanotechnology focuses on manipulating matter at the atomic and molecular level to create new materials with unique properties.,Define matter,9.0,James Anderson,
345.0,Understanding matter is like unlocking the secrets of how the universe works at its most fundamental level.,Define matter,10.0,Ava Rodriguez,
346.0,"Matter exists in various forms, each with distinct characteristics that influence its behavior and interactions with other forms of matter.",Define matter,10.0,Liam Jones,
347.0,"Some types of matter, like uranium, can undergo radioactive decay, releasing energy and transforming into different elements.",Define matter,8.0,Evelyn Garcia,
348.0,Air resistance is a drag force acting on a moving object due to the collisions between the object and air molecules (which are also matter).,Define matter,9.0,Christopher Taylor,
349.0,The way atoms are linked together in a molecule determines the overall structure and properties of the matter the molecule forms.,Define matter,9.0,Sofia Lopez,
350.0,"Matter can be separated into its constituent parts through physical or chemical separation techniques. Physical separation doesn't change the matter itself, while chemical separation creates new substances.",Define matter,8.0,Logan Martin,
351.0,"Light interacts with different forms of matter in various ways. It can be transmitted, reflected, absorbed, or refracted, depending on the type of matter.",Define matter,8.0,Mia Sanchez,
352.0,Twilights are caused by the scattering of sunlight by dust particles (matter) in the upper atmosphere.,Define matter,7.0,Ethan Miller,
353.0,"The opacity of an object, or how much light it blocks, depends on the properties of the matter it's made of.",Define matter,7.0,Olivia Jones,
354.0,"The operating system acts as a conductor, giving instructions to the hardware (made of matter) to perform specific tasks based on user input.",Define matter,6.0,William Brown,
355.0,"A spring balance can be used to measure the force exerted on an object, which is related to the mass (amount of matter) of the object.",Define matter,8.0,Sophia Garcia,
356.0,"Matter can exist in different phases with distinct properties. These phases can be interconverted through changes in temperature, pressure, or other external factors.",Define matter,9.0,Noah Hernandez,
357.0,"Crystals are a form of solid matter where atoms are arranged in a highly ordered, repeating pattern.",Define matter,8.0,Ava Jackson,
358.0,"Viscosity is a property of fluids that describes their resistance to flow. Honey has a higher viscosity than water, for example. This is due to the interactions between the fluid molecules (matter).",Define matter,8.0,Elijah Roberts,
359.0,"Through photosynthesis, plants capture energy from sunlight and convert carbon dioxide (matter) into organic compounds for growth and energy.",Define matter,8.0,Mia Lopez,
360.0,"The sentimental value of an object is not related to the type of matter it's made of, but rather the memories and emotions associated with it.",Define matter,4.0,Lucas Martinez,
361.0,"When a solid dissolves in a liquid to form a solution, the solid particles disperse evenly throughout the liquid, but the matter itself doesn't disappear. Its properties may change, however.",Define matter,9.0,Isabella Robinson,
362.0,Particle accelerators are instruments that scientists,,,,
363.0,"Matter makes up everything physical and interacts with our senses, like the feeling of a soft blanket or the coolness of water.",Define matter,8.0,Gabriel Hernandez,
364.0,Density is a helpful concept because it allows scientists to predict the relative amount of matter in a given volume for different substances.,Define matter,9.0,Luna Johnson,
365.0,"Changing the state of matter (solid, liquid, gas) is a physical change, meaning the identity of the matter remains the same, although its form might change.",Define matter,8.0,Matthew Miller,
366.0,Shredding paper changes its shape but doesn't change the total amount of matter present. The individual pieces would still collectively have the same mass.,Define matter,9.0,Chloe Wilson,
367.0,Materials science is a field that studies the properties of matter and develops new materials with specific functionalities for various applications.,Define matter,9.0,James Anderson,
368.0,Understanding matter is a fundamental step towards comprehending the building blocks of everything in the universe and how they interact.,Define matter,10.0,Ava Rodriguez,
369.0,"Matter exists in various forms, each with unique characteristics that govern its behavior and interactions with other forms of matter and energy.",Define matter,10.0,Liam Jones,
370.0,"Some types of matter, like fluids, can exert pressure on their surroundings due to the motion of their particles.",Define matter,8.0,Evelyn Garcia,
371.0,Air resistance is a drag force that acts on a moving object because of its interaction with air molecules (matter) in its path.,Define matter,9.0,Christopher Taylor,
372.0,"The way atoms are bonded in a molecule determines the molecule's shape and properties, which in turn influences the properties of the bulk matter it forms.",Define matter,9.0,Sofia Lopez,
373.0,"Matter can be classified based on its properties, such as solids, liquids, gases, and plasmas, each with distinct characteristics.",Define matter,8.0,Logan Martin,
374.0,"Light can travel through some forms of matter transparently, but other types of matter can absorb or scatter light, affecting how we perceive them.",Define matter,8.0,Mia Sanchez,
375.0,Mirages are a fascinating example of how light bends as it travels through layers of air with different densities (which relates to the amount of matter present).,Define matter,7.0,Ethan Miller,
376.0,"The color of an object is determined by how it interacts with light. The object might absorb certain wavelengths of light and reflect others, which our eyes perceive as color. This interaction depends on the type of matter the object is made of.",Define matter,7.0,Olivia Jones,
377.0,The software on a computer provides instructions for the hardware (made of matter) to execute specific tasks based on user input or programmed commands.,Define matter,6.0,William Brown,
378.0,"A metric balance is a tool used to measure the mass of an object very precisely, which is a property of matter.",Define matter,8.0,Sophia Garcia,
379.0,"Matter can undergo various changes, including reversible physical changes (changing state) and irreversible chemical changes where new substances form.",Define matter,9.0,Noah Hernandez,
380.0,"Amorphous solids, like glass, have a random arrangement of particles compared to crystalline solids with a highly ordered structure.",Define matter,8.0,Ava Jackson,
381.0,"Sound waves are vibrations that travel through a medium, which can be matter like air or water. The properties of the medium (matter) can affect how sound waves travel.",Define matter,8.0,Elijah Roberts,
382.0,Animals obtain energy for their bodily functions by breaking down the complex molecules (matter) present in the food they consume.,Define matter,8.0,Mia Lopez,
383.0,"The market value of an object can be influenced by factors like its historical significance, rarity, or cultural meaning, not just the type of matter it's composed of.",Define matter,4.0,Lucas Martinez,
384.0,"When separating a mixture, techniques like filtration or chromatography can be used to isolate components based on their physical or chemical properties, without changing the",,,,
385.0,"Matter makes up everything physical in the observable universe, from the tiniest grain of sand to the vast expanse of galaxies.",Define matter,8.0,Gabriel Hernandez,
386.0,"By measuring the density of an unknown liquid, scientists can gain clues about the type of substance it might be.",Define matter,9.0,Luna Johnson,
387.0,"Changing the state of matter (solid, liquid, gas) involves changes in the energy and arrangement of particles, not a change in the composition of the matter itself.",Define matter,8.0,Matthew Miller,
388.0,"Crushing a can doesn't destroy matter, it just reduces the empty space within the can, making it appear denser. The total amount of matter remains constant.",Define matter,9.0,Chloe Wilson,
389.0,"The field of nanotechnology has opened doors to creating new materials with properties that weren't possible before, impacting various fields like medicine and electronics.",Define matter,9.0,James Anderson,
390.0,"Matter is the foundation for everything physical, and its properties dictate how things interact and behave in the universe.",Define matter,10.0,Ava Rodriguez,
391.0,"Matter comes in various forms, each with unique characteristics that influence its interactions with other forms of matter and energy.",Define matter,10.0,Liam Jones,
392.0,"Some types of matter, like stars, can generate enormous amounts of energy through nuclear fusion reactions where lighter atomic nuclei combine to form heavier ones.",Define matter,8.0,Evelyn Garcia,
393.0,Air resistance is a form of drag exerted by air molecules (matter) on a moving object due to the collisions between the object and the molecules.,Define matter,9.0,Christopher Taylor,
394.0,"The way atoms are arranged in a crystal lattice determines the crystal's structure and properties, which in turn affects the properties of the bulk matter it forms.",Define matter,9.0,Sofia Lopez,
395.0,Matter can be found in pure forms (elements) or combined forms (compounds) with distinct properties.,Define matter,8.0,Logan Martin,
396.0,"Light interacts with different forms of matter in various ways. It can be transmitted, reflected, absorbed, or refracted, depending on the type of matter.",Define matter,8.0,Mia Sanchez,
397.0,Halos around the sun or moon are caused by the refraction of light as it travels through ice crystals (matter) suspended in the Earth's atmosphere.,Define matter,7.0,Ethan Miller,
398.0,The density of an object is a property related to the amount of matter it contains packed into a specific volume.,Define matter,7.0,Olivia Jones,
399.0,The hardware on a computer is the physical part (made of matter) that carries out the instructions provided by the software.,Define matter,6.0,William Brown,
400.0,A triple beam balance can be used to measure the mass of an object very precisely. Mass is a property of matter related to the amount of matter it contains.,Define matter,8.0,Sophia Garcia,
401.0,"Matter can exist in different phases with distinct properties, and these phases can be interconverted through changes in factors like temperature or pressure.",Define matter,9.0,Noah Hernandez,
402.0,Alloys are a type of solution where a metal is mixed with other elements to create a new material with improved properties compared to the individual elements.,Define matter,8.0,Ava Jackson,
403.0,"Surface tension is a property of liquids caused by the attractive forces between the liquid molecules (matter) at the surface, creating a tension-like film.",Define matter,8.0,Elijah Roberts,
404.0,"Through photosynthesis, plants capture energy from sunlight and convert carbon dioxide gas (matter) into organic compounds for growth and energy.",Define matter,8.0,Mia Lopez,
405.0,"The sentimental value of an object is not related to the type of matter it's made of, but rather the memories and emotions associated with it.",Define matter,4.0,Lucas Martinez,
406.0,"When a solid dissolves in a liquid to form a solution, the solid particles disperse evenly throughout the liquid, but the matter itself isn't destroyed.",,,,
407.0,"Matter makes up everything with mass and takes up space, even things we can't directly hold, like air or the wind, which is moving air (matter).",Define matter,8.0,Gabriel Hernandez,
408.0,Density is a characteristic property that can be used to identify unknown substances. Denser materials typically pack more matter into a specific volume.,Define matter,9.0,Luna Johnson,
409.0,"Changing the state of matter (solid, liquid, gas) is a physical change. The fundamental particles remain the same, but their arrangement and motion change.",Define matter,8.0,Matthew Miller,
410.0,Tearing a piece of paper separates it into smaller pieces but doesn't remove any matter. The total amount of matter stays the same.,Define matter,9.0,Chloe Wilson,
411.0,Material science is a field that investigates the properties of matter and designs new materials with specific functionalities for various applications.,Define matter,9.0,James Anderson,
412.0,"Understanding matter is crucial for comprehending the formation, evolution, and fundamental processes governing the universe.",Define matter,10.0,Ava Rodriguez,
413.0,"Matter exists in various forms, each with distinct characteristics that influence how it interacts with itself and other forms of matter and energy.",Define matter,10.0,Liam Jones,
414.0,"Certain types of matter, like radioactive isotopes, can spontaneously emit particles and energy as they decay into more stable forms.",Define matter,8.0,Evelyn Garcia,
415.0,Air resistance is the drag force acting on a moving object due to the collisions between the object and air molecules (matter) it encounters.,Define matter,9.0,Christopher Taylor,
416.0,"The way atoms are bonded together in a molecule determines the molecule's overall structure and properties, which in turn influences the properties of the bulk matter it forms.",Define matter,9.0,Sofia Lopez,
417.0,"Matter can be classified into different categories based on its properties and behavior, such as conductors, insulators, or magnetic materials.",Define matter,8.0,Logan Martin,
418.0,"Light can travel through some forms of matter transparently, but other types can absorb or scatter light, affecting how we see them.",Define matter,8.0,Mia Sanchez,
419.0,"Sunsets and sunrises are beautiful examples of how sunlight interacts with dust and gas particles (matter) present in the atmosphere, causing the scattering of light into various colors.",Define matter,7.0,Ethan Miller,
420.0,"The electrical conductivity of an object is a property related to the type of matter it's made of. Metals are generally good conductors, while some materials are insulators.",Define matter,7.0,Olivia Jones,
421.0,"The software on a computer acts as a conductor, giving instructions to the hardware (made of matter) to perform specific tasks based on user input.",Define matter,6.0,William Brown,
422.0,"A graduated cylinder is a tool used to measure the volume of a liquid, which is the space occupied by the matter.",Define matter,8.0,Sophia Garcia,
423.0,"Matter can undergo various changes, including physical changes (shape, size) and chemical changes (composition) where new substances form.",Define matter,9.0,Noah Hernandez,
424.0,"Plasmas are a high-energy state of matter where atoms are ionized and the free-moving charged particles exhibit unique properties. Plasmas are found in stars, for example.",Define matter,8.0,Ava Jackson,
425.0,"Viscosity is a property of fluids that describes their resistance to flow. Honey has a higher viscosity than water, for example. This is due to the interactions between the fluid molecules (matter).",Define matter,8.0,Elijah Roberts,
426.0,"Through cellular respiration, living organisms break down complex molecules (matter) in food to release energy for cellular functions.",Define matter,8.0,Mia Lopez,
427.0,"The monetary value of an object may be influenced by factors like its age, functionality, or cultural significance, not just the type of matter it's made from.",Define matter,4.0,Lucas Martinez,
428.0,"When a mixture is separated, physical separation techniques like filtration or centrifugation",,,,
429.0,"Matter makes up everything physical and observable in the universe, from the tiniest grain of sand to the colossal structures galaxies.",Define matter,8.0,Gabriel Hernandez,
430.0,"By determining the density of an object, scientists can gain insights into the type of matter it might be composed of. Dense objects typically pack more matter into a given volume.",Define matter,9.0,Luna Johnson,
431.0,"Changing the state of matter (solid, liquid, gas) involves changes in the kinetic energy and arrangement of particles, not the type of matter itself.",Define matter,8.0,Matthew Miller,
432.0,Crumbling a cookie changes its shape but doesn't change the total amount of matter present. The individual crumbs would collectively have the same mass.,Define matter,9.0,Chloe Wilson,
433.0,"Research in material science has led to the development of new materials with remarkable properties, impacting various fields like medicine and technology.",Define matter,9.0,James Anderson,
434.0,Understanding matter is a fundamental step towards comprehending the composition and behavior of everything in the universe.,Define matter,10.0,Ava Rodriguez,
435.0,"Matter forms the building blocks of everything physical, from the microscopic building blocks of life (cells) to the vast expanse of the universe.",Define matter,10.0,Liam Jones,
436.0,"Certain types of matter, like food, can undergo biological processes like decomposition, where it breaks down into simpler forms by organisms.",Define matter,8.0,Evelyn Garcia,
437.0,Air resistance is a form of drag exerted by air molecules (matter) on a moving object due to their interaction with the object's surface.,Define matter,9.0,Christopher Taylor,
438.0,"The chemical bonds between atoms determine the structure and properties of a molecule, and consequently, the bulk matter the molecule forms.",Define matter,9.0,Sofia Lopez,
439.0,Matter can be recycled and transformed into new materials with different characteristics and uses.,Define matter,8.0,Logan Martin,
440.0,"Light interacts with different forms of matter in various ways. It can be transmitted, reflected, absorbed, or refracted, depending on the properties of the matter.",Define matter,8.0,Mia Sanchez,
441.0,"Rainbows are a beautiful illustration of light interacting with water droplets (matter) suspended in the atmosphere, causing the separation of colors.",Define matter,7.0,Ethan Miller,
442.0,The density of an object is a property that relates the amount of matter it contains to the space it occupies (volume).,Define matter,7.0,Olivia Jones,
443.0,The software on a computer provides instructions for the hardware (made of matter) to perform specific tasks based on the user's input.,Define matter,6.0,William Brown,
444.0,"A test tube is a common laboratory glassware used to hold, mix, or heat small amounts of matter.",Define matter,8.0,Sophia Garcia,
445.0,"Matter can undergo various changes, including reversible physical changes (changing state) and irreversible chemical changes where new substances form with different properties.",Define matter,9.0,Noah Hernandez,
446.0,"Suspensions are a type of mixture where solid particles are dispersed throughout a liquid, but they are not dissolved and tend to settle over time if left undisturbed.",Define matter,8.0,Ava Jackson,
447.0,Buoyancy is the upward force exerted on an object submerged in a fluid (matter) due to the pressure difference between the top and bottom of the object.,Define matter,8.0,Elijah Roberts,
448.0,"Through photosynthesis, plants capture energy from sunlight and convert carbon dioxide gas (matter) into organic compounds for growth and energy.",Define matter,8.0,Mia Lopez,
449.0,"The artistic value of a painting is not necessarily related to the type of matter the paint is made from, but rather the skill and creativity of the artist.",Define matter,4.0,Lucas Martinez,
450.0,"When a solid dissolves in a liquid to form a solution, the solid particles disperse evenly throughout the liquid, but the matter itself isn't destroyed. Its arrangement changes though.",Define matter,9.0,Isabella Robinson,
451.0,"Matter makes up everything tangible in the world, like the feeling of a soft blanket or the coolness of metal. We can interact with matter through our senses.",Define matter,8.0,Gabriel Hernandez,
452.0,Density is a helpful concept because it allows scientists to compare the amount of matter packed into a specific volume for different substances.,Define matter,9.0,Luna Johnson,
453.0,"Changing the state of matter (solid, liquid, gas) is a physical change, meaning the matter's identity remains the same, although its form might change.",Define matter,8.0,Matthew Miller,
454.0,Chopping vegetables changes their size and shape but doesn't change the total amount of matter present. The individual pieces would still have the same combined mass.,Define matter,9.0,Chloe Wilson,
455.0,Materials science is a field focused on understanding the properties of matter and developing new materials with specific functionalities for various applications.,Define matter,9.0,James Anderson,
456.0,Understanding matter is a fundamental step towards comprehending the building blocks and interactions that govern everything in the universe.,Define matter,10.0,Ava Rodriguez,
457.0,"Matter exists in various forms, each with distinct characteristics that influence how it behaves and interacts with other forms of matter and energy.",Define matter,10.0,Liam Jones,
458.0,"Some types of matter, like stars, can generate enormous amounts of energy through nuclear fusion, where lighter atomic nuclei combine to form heavier ones.",Define matter,8.0,Evelyn Garcia,
459.0,Air resistance is a drag force that acts on a moving object because of its interaction with air molecules (matter) in its path.,Define matter,9.0,Christopher Taylor,
460.0,"The way atoms are bonded together in a molecule influences the molecule's shape and properties, which in turn affects the properties of the bulk matter the molecule forms.",Define matter,9.0,Sofia Lopez,
461.0,"Matter can be classified based on its properties, such as solids, liquids, gases, and plasmas, each with distinct characteristics.",Define matter,8.0,Logan Martin,
462.0,"Light can travel through some forms of matter transparently, but other types of matter can absorb or scatter light, affecting how we perceive them.",Define matter,8.0,Mia Sanchez,
463.0,"Fog is a visible collection of tiny water droplets (matter) suspended in the air, and it forms when water vapor condenses due to changes in temperature.",Define matter,7.0,Ethan Miller,
464.0,The buoyancy of an object depends on the interplay between its density and the density of the fluid (matter) it displaces. Less dense objects tend to float.,Define matter,7.0,Olivia Jones,
465.0,The hardware on a computer is the physical part (made of matter) that carries out the instructions provided by the software.,Define matter,6.0,William Brown,
466.0,"A graduated cylinder is a tool used to measure the volume of a liquid, which is the space occupied by the matter.",Define matter,8.0,Sophia Garcia,
467.0,Matter can exist in different phases with distinct properties. These phases can be interconverted through changes in factors like temperature or pressure.,Define matter,9.0,Noah Hernandez,
468.0,Alloys are a type of solution where a metal is mixed with other elements to create a new material with properties superior to those of the individual elements.,Define matter,8.0,Ava Jackson,
469.0,Capillarity is the ability of a liquid to rise against gravity in narrow spaces due to the attractive forces between the liquid molecules (matter) and the material's surface.,Define matter,8.0,Elijah Roberts,
470.0,"Through cellular respiration, living organisms break down complex molecules (matter) in food to release energy for cellular functions and growth.",Define matter,8.0,Mia Lopez,
471.0,"The historical significance of an object can influence its value, independent of the type of matter it's composed of. For example, an antique vase might be valuable even if made of ordinary materials.",Define matter,4.0,Lucas Martinez,
472.0,"When separating a mixture, techniques like filtration or chromatography",,,,
473.0,"Matter makes up everything physical in the observable universe, from the tiniest grain of sand to the colossal structures galaxies are built from.",Define matter,8.0,Gabriel Hernandez,
474.0,Density is a characteristic property used to identify unknown substances. Denser objects typically contain more matter packed into a specific volume.,Define matter,9.0,Luna Johnson,
475.0,"Changing the state of matter (solid, liquid, gas) is a physical change. The fundamental particles (atoms) remain the same, but their arrangement and motion change.",Define matter,8.0,Matthew Miller,
476.0,Ripping a piece of paper separates the fibers but doesn't remove any matter. The total amount of matter stays the same.,Define matter,9.0,Chloe Wilson,
477.0,Material science is a field that investigates the properties of matter and designs new materials with specific functionalities for various applications in fields like medicine and technology.,Define matter,9.0,James Anderson,
478.0,"Understanding matter is a foundation for comprehending the composition, evolution, and fundamental processes that govern the universe.",Define matter,10.0,Ava Rodriguez,
479.0,"Matter exists in various forms, each with distinct characteristics that influence how it interacts with itself, other forms of matter, and energy.",Define matter,10.0,Liam Jones,
480.0,"Certain types of matter, like radioactive isotopes, can spontaneously decay into more stable forms, releasing energy and particles in the process.",Define matter,8.0,Evelyn Garcia,
481.0,Air resistance is the drag force experienced by a moving object due to collisions with air molecules (matter) in its path.,Define matter,9.0,Christopher Taylor,
482.0,"The way atoms are chemically bonded in a molecule determines the molecule's overall structure and properties, which in turn influences the properties of the bulk matter the molecule forms.",Define matter,9.0,Sofia Lopez,
483.0,"Matter can be classified into different categories based on its properties and behavior, such as conductors, insulators, or magnetic materials.",Define matter,8.0,Logan Martin,
484.0,"Light interacts with different forms of matter in various ways. It can be transmitted, reflected, absorbed, or refracted, depending on the type of matter.",Define matter,8.0,Mia Sanchez,
485.0,Mirages are a fascinating example of how light bends as it travels through layers of air with different densities (which relates to the amount of matter present).,Define matter,7.0,Ethan Miller,
486.0,"The thermal conductivity of a material is a property related to the ease with which it transfers heat. Metals are generally good conductors, while some materials are insulators.",Define matter,7.0,Olivia Jones,
487.0,"The software on a computer acts as a conductor, giving instructions to the hardware (made of matter) to perform specific tasks based on user input.",Define matter,6.0,William Brown,
488.0,"A beaker is a common laboratory glassware used to hold, mix, or heat liquids (matter).",Define matter,8.0,Sophia Garcia,
489.0,"Matter can undergo various changes, including physical changes (changing state, shape, size) and chemical changes (composition) where new substances form.",Define matter,9.0,Noah Hernandez,
490.0,"Colloids are a type of mixture where particles are dispersed throughout a liquid or gas, but they are larger than those in solutions and don't completely settle out.",Define matter,8.0,Ava Jackson,
491.0,"Surface tension is a property of liquids caused by the attractive forces between the liquid molecules (matter) at the surface, creating a tension-like film.",Define matter,8.0,Elijah Roberts,
492.0,"Through photosynthesis, plants capture energy from sunlight and convert carbon dioxide gas (matter) into organic compounds for growth and energy.",Define matter,8.0,Mia Lopez,
493.0,"The sentimental value of an object is not related to the type of matter it's made of, but rather the memories and emotions associated with it.",Define matter,4.0,Lucas Martinez,
494.0,"When separating a mixture, physical separation techniques like filtration or chromatography isolate components based on their physical properties without changing the matter itself.",,,,
